N,Name,X,Y
1,Африка,36.3495256955775,55.1961228226416
2,Сенокос,36.3736949441428,55.218804826001